<?xml version="1.0" encoding="UTF-8"?>
<project-private xmlns="http://www.netbeans.org/ns/project-private/1">
    <editor-bookmarks xmlns="http://www.netbeans.org/ns/editor-bookmarks/2" lastBookmarkId="0"/>
    <open-files xmlns="http://www.netbeans.org/ns/projectui-open-files/2">
        <group>
            <file>file:/C:/Users/sebas/OneDrive/Documentos/NetBeansProjects/EjecicioGuitarras2/src/ejecicioguitarras2/Inicio.java</file>
            <file>file:/C:/Users/sebas/OneDrive/Documentos/NetBeansProjects/EjecicioGuitarras2/src/model/Guitarra.java</file>
            <file>file:/C:/Users/sebas/OneDrive/Documentos/NetBeansProjects/EjecicioGuitarras2/src/model/IGuitarras.java</file>
            <file>file:/C:/Users/sebas/OneDrive/Documentos/NetBeansProjects/EjecicioGuitarras2/src/model/Acustica.java</file>
            <file>file:/C:/Users/sebas/OneDrive/Documentos/NetBeansProjects/EjecicioGuitarras2/src/model/Electrica.java</file>
            <file>file:/C:/Users/sebas/OneDrive/Documentos/NetBeansProjects/EjecicioGuitarras2/src/model/Registro.java</file>
        </group>
    </open-files>
</project-private>
